,Name,ALogP,TPSA,McGowan Volume,SMILES String
0,(NMe)-Thr Leu Pro (NMe)-Phe-F Leu-d7 (NMe)-Leu-d3 ,2.1745000000000068,188.69,608.5500000000046,N(C)[C@@H]([C@H](O)C)C(=O)N[C@@H](CC(C)C)C(=O)N3CCC[C@H]3C(=O)N(C)[C@@H](Cc%97ccc(F)cc%97)C(=O)N[C@@H](CC([2H])(C([2H])([2H])[2H])C([2H])([2H])[2H])C(=O)N(C)[C@@H](CC(C([2H])([2H])[2H])C)C(=O)O
1,(NMe)-Thr D-Leu Pro (NMe)-Phe-F Leu-d7 (NMe)-Leu-d3 ,2.1745000000000068,188.69,608.5500000000046,N(C)[C@@H]([C@H](O)C)C(=O)N[C@H](CC(C)C)C(=O)N3CCC[C@H]3C(=O)N(C)[C@@H](Cc%97ccc(F)cc%97)C(=O)N[C@@H](CC([2H])(C([2H])([2H])[2H])C([2H])([2H])[2H])C(=O)N(C)[C@@H](CC(C([2H])([2H])[2H])C)C(=O)O
2,(NMe)-Thr Leu D-Pro (NMe)-Phe-F Leu-d7 (NMe)-Leu-d3 ,2.1745000000000068,188.69,608.5500000000046,N(C)[C@@H]([C@H](O)C)C(=O)N[C@@H](CC(C)C)C(=O)N3CCC[C@@H]3C(=O)N(C)[C@@H](Cc%97ccc(F)cc%97)C(=O)N[C@@H](CC([2H])(C([2H])([2H])[2H])C([2H])([2H])[2H])C(=O)N(C)[C@@H](CC(C([2H])([2H])[2H])C)C(=O)O
3,(NMe)-Thr D-Leu D-Pro (NMe)-Phe-F Leu-d7 (NMe)-Leu-d3 ,2.1745000000000068,188.69,608.5500000000046,N(C)[C@@H]([C@H](O)C)C(=O)N[C@H](CC(C)C)C(=O)N3CCC[C@@H]3C(=O)N(C)[C@@H](Cc%97ccc(F)cc%97)C(=O)N[C@@H](CC([2H])(C([2H])([2H])[2H])C([2H])([2H])[2H])C(=O)N(C)[C@@H](CC(C([2H])([2H])[2H])C)C(=O)O
4,(NMe)-Thr Leu Pro (NMe)-D-Phe Leu-d7 (NMe)-Leu-d3 ,2.0354000000000085,188.69,606.7900000000046,N(C)[C@@H]([C@H](O)C)C(=O)N[C@@H](CC(C)C)C(=O)N3CCC[C@H]3C(=O)N(C)[C@H](Cc2ccccc2)C(=O)N[C@@H](CC([2H])(C([2H])([2H])[2H])C([2H])([2H])[2H])C(=O)N(C)[C@@H](CC(C([2H])([2H])[2H])C)C(=O)O
5,(NMe)-Thr D-Leu Pro (NMe)-D-Phe Leu-d7 (NMe)-Leu-d3 ,2.0354000000000085,188.69,606.7900000000046,N(C)[C@@H]([C@H](O)C)C(=O)N[C@H](CC(C)C)C(=O)N3CCC[C@H]3C(=O)N(C)[C@H](Cc2ccccc2)C(=O)N[C@@H](CC([2H])(C([2H])([2H])[2H])C([2H])([2H])[2H])C(=O)N(C)[C@@H](CC(C([2H])([2H])[2H])C)C(=O)O
6,(NMe)-Thr Leu D-Pro (NMe)-D-Phe Leu-d7 (NMe)-Leu-d3 ,2.0354000000000085,188.69,606.7900000000046,N(C)[C@@H]([C@H](O)C)C(=O)N[C@@H](CC(C)C)C(=O)N3CCC[C@@H]3C(=O)N(C)[C@H](Cc2ccccc2)C(=O)N[C@@H](CC([2H])(C([2H])([2H])[2H])C([2H])([2H])[2H])C(=O)N(C)[C@@H](CC(C([2H])([2H])[2H])C)C(=O)O
7,(NMe)-Thr D-Leu D-Pro (NMe)-D-Phe Leu-d7 (NMe)-Leu-d3 ,2.0354000000000085,188.69,606.7900000000046,N(C)[C@@H]([C@H](O)C)C(=O)N[C@H](CC(C)C)C(=O)N3CCC[C@@H]3C(=O)N(C)[C@H](Cc2ccccc2)C(=O)N[C@@H](CC([2H])(C([2H])([2H])[2H])C([2H])([2H])[2H])C(=O)N(C)[C@@H](CC(C([2H])([2H])[2H])C)C(=O)O
8,(NMe)-Thr Leu Pro N-dFBn Leu-d7 (NMe)-Leu-d3 ,2.272700000000004,188.69,596.2200000000042,N(C)[C@@H]([C@H](O)C)C(=O)N[C@@H](CC(C)C)C(=O)N3CCC[C@H]3C(=O)N(Cc1c(F)cc(F)cc1)CC(=O)N[C@@H](CC([2H])(C([2H])([2H])[2H])C([2H])([2H])[2H])C(=O)N(C)[C@@H](CC(C([2H])([2H])[2H])C)C(=O)O
9,(NMe)-Thr D-Leu Pro N-dFBn Leu-d7 (NMe)-Leu-d3 ,2.272700000000004,188.69,596.2200000000042,N(C)[C@@H]([C@H](O)C)C(=O)N[C@H](CC(C)C)C(=O)N3CCC[C@H]3C(=O)N(Cc1c(F)cc(F)cc1)CC(=O)N[C@@H](CC([2H])(C([2H])([2H])[2H])C([2H])([2H])[2H])C(=O)N(C)[C@@H](CC(C([2H])([2H])[2H])C)C(=O)O
10,(NMe)-Thr Leu D-Pro N-dFBn Leu-d7 (NMe)-Leu-d3 ,2.272700000000004,188.69,596.2200000000042,N(C)[C@@H]([C@H](O)C)C(=O)N[C@@H](CC(C)C)C(=O)N3CCC[C@@H]3C(=O)N(Cc1c(F)cc(F)cc1)CC(=O)N[C@@H](CC([2H])(C([2H])([2H])[2H])C([2H])([2H])[2H])C(=O)N(C)[C@@H](CC(C([2H])([2H])[2H])C)C(=O)O
11,(NMe)-Thr D-Leu D-Pro N-dFBn Leu-d7 (NMe)-Leu-d3 ,2.272700000000004,188.69,596.2200000000042,N(C)[C@@H]([C@H](O)C)C(=O)N[C@H](CC(C)C)C(=O)N3CCC[C@@H]3C(=O)N(Cc1c(F)cc(F)cc1)CC(=O)N[C@@H](CC([2H])(C([2H])([2H])[2H])C([2H])([2H])[2H])C(=O)N(C)[C@@H](CC(C([2H])([2H])[2H])C)C(=O)O
12,(NMe)-Thr Leu Pro (NMe)-Phe-F D-Leu (NMe)-Leu-d3 ,2.1745000000000085,188.69,608.5500000000046,N(C)[C@@H]([C@H](O)C)C(=O)N[C@@H](CC(C)C)C(=O)N3CCC[C@H]3C(=O)N(C)[C@@H](Cc%97ccc(F)cc%97)C(=O)N[C@H](CC(C)C)C(=O)N(C)[C@@H](CC(C([2H])([2H])[2H])C)C(=O)O
13,(NMe)-Thr D-Leu Pro (NMe)-Phe-F D-Leu (NMe)-Leu-d3 ,2.1745000000000085,188.69,608.5500000000046,N(C)[C@@H]([C@H](O)C)C(=O)N[C@H](CC(C)C)C(=O)N3CCC[C@H]3C(=O)N(C)[C@@H](Cc%97ccc(F)cc%97)C(=O)N[C@H](CC(C)C)C(=O)N(C)[C@@H](CC(C([2H])([2H])[2H])C)C(=O)O
14,(NMe)-Thr Leu D-Pro (NMe)-Phe-F D-Leu (NMe)-Leu-d3 ,2.1745000000000085,188.69,608.5500000000046,N(C)[C@@H]([C@H](O)C)C(=O)N[C@@H](CC(C)C)C(=O)N3CCC[C@@H]3C(=O)N(C)[C@@H](Cc%97ccc(F)cc%97)C(=O)N[C@H](CC(C)C)C(=O)N(C)[C@@H](CC(C([2H])([2H])[2H])C)C(=O)O
15,(NMe)-Thr D-Leu D-Pro (NMe)-Phe-F D-Leu (NMe)-Leu-d3 ,2.1745000000000085,188.69,608.5500000000046,N(C)[C@@H]([C@H](O)C)C(=O)N[C@H](CC(C)C)C(=O)N3CCC[C@@H]3C(=O)N(C)[C@@H](Cc%97ccc(F)cc%97)C(=O)N[C@H](CC(C)C)C(=O)N(C)[C@@H](CC(C([2H])([2H])[2H])C)C(=O)O
16,(NMe)-Thr Leu Pro (NMe)-D-Phe D-Leu (NMe)-Leu-d3 ,2.0354000000000085,188.69,606.7900000000046,N(C)[C@@H]([C@H](O)C)C(=O)N[C@@H](CC(C)C)C(=O)N3CCC[C@H]3C(=O)N(C)[C@H](Cc2ccccc2)C(=O)N[C@H](CC(C)C)C(=O)N(C)[C@@H](CC(C([2H])([2H])[2H])C)C(=O)O
17,(NMe)-Thr D-Leu Pro (NMe)-D-Phe D-Leu (NMe)-Leu-d3 ,2.0354000000000085,188.69,606.7900000000046,N(C)[C@@H]([C@H](O)C)C(=O)N[C@H](CC(C)C)C(=O)N3CCC[C@H]3C(=O)N(C)[C@H](Cc2ccccc2)C(=O)N[C@H](CC(C)C)C(=O)N(C)[C@@H](CC(C([2H])([2H])[2H])C)C(=O)O
18,(NMe)-Thr Leu D-Pro (NMe)-D-Phe D-Leu (NMe)-Leu-d3 ,2.0354000000000085,188.69,606.7900000000046,N(C)[C@@H]([C@H](O)C)C(=O)N[C@@H](CC(C)C)C(=O)N3CCC[C@@H]3C(=O)N(C)[C@H](Cc2ccccc2)C(=O)N[C@H](CC(C)C)C(=O)N(C)[C@@H](CC(C([2H])([2H])[2H])C)C(=O)O
19,(NMe)-Thr D-Leu D-Pro (NMe)-D-Phe D-Leu (NMe)-Leu-d3 ,2.0354000000000085,188.69,606.7900000000046,N(C)[C@@H]([C@H](O)C)C(=O)N[C@H](CC(C)C)C(=O)N3CCC[C@@H]3C(=O)N(C)[C@H](Cc2ccccc2)C(=O)N[C@H](CC(C)C)C(=O)N(C)[C@@H](CC(C([2H])([2H])[2H])C)C(=O)O
20,(NMe)-Thr Leu Pro N-dFBn D-Leu (NMe)-Leu-d3 ,2.2727000000000066,188.69,596.2200000000042,N(C)[C@@H]([C@H](O)C)C(=O)N[C@@H](CC(C)C)C(=O)N3CCC[C@H]3C(=O)N(Cc1c(F)cc(F)cc1)CC(=O)N[C@H](CC(C)C)C(=O)N(C)[C@@H](CC(C([2H])([2H])[2H])C)C(=O)O
21,(NMe)-Thr D-Leu Pro N-dFBn D-Leu (NMe)-Leu-d3 ,2.2727000000000066,188.69,596.2200000000042,N(C)[C@@H]([C@H](O)C)C(=O)N[C@H](CC(C)C)C(=O)N3CCC[C@H]3C(=O)N(Cc1c(F)cc(F)cc1)CC(=O)N[C@H](CC(C)C)C(=O)N(C)[C@@H](CC(C([2H])([2H])[2H])C)C(=O)O
22,(NMe)-Thr Leu D-Pro N-dFBn D-Leu (NMe)-Leu-d3 ,2.2727000000000066,188.69,596.2200000000042,N(C)[C@@H]([C@H](O)C)C(=O)N[C@@H](CC(C)C)C(=O)N3CCC[C@@H]3C(=O)N(Cc1c(F)cc(F)cc1)CC(=O)N[C@H](CC(C)C)C(=O)N(C)[C@@H](CC(C([2H])([2H])[2H])C)C(=O)O
23,(NMe)-Thr D-Leu D-Pro N-dFBn D-Leu (NMe)-Leu-d3 ,2.2727000000000066,188.69,596.2200000000042,N(C)[C@@H]([C@H](O)C)C(=O)N[C@H](CC(C)C)C(=O)N3CCC[C@@H]3C(=O)N(Cc1c(F)cc(F)cc1)CC(=O)N[C@H](CC(C)C)C(=O)N(C)[C@@H](CC(C([2H])([2H])[2H])C)C(=O)O
24,(NMe)-Thr Leu Pro (NMe)-Phe-F Leu-d7 (NMe)-D-Leu ,2.1745000000000076,188.69,608.5500000000046,N(C)[C@@H]([C@H](O)C)C(=O)N[C@@H](CC(C)C)C(=O)N3CCC[C@H]3C(=O)N(C)[C@@H](Cc%97ccc(F)cc%97)C(=O)N[C@@H](CC([2H])(C([2H])([2H])[2H])C([2H])([2H])[2H])C(=O)N(C)[C@H](CC(C)C)C(=O)O
25,(NMe)-Thr D-Leu Pro (NMe)-Phe-F Leu-d7 (NMe)-D-Leu ,2.1745000000000076,188.69,608.5500000000046,N(C)[C@@H]([C@H](O)C)C(=O)N[C@H](CC(C)C)C(=O)N3CCC[C@H]3C(=O)N(C)[C@@H](Cc%97ccc(F)cc%97)C(=O)N[C@@H](CC([2H])(C([2H])([2H])[2H])C([2H])([2H])[2H])C(=O)N(C)[C@H](CC(C)C)C(=O)O
26,(NMe)-Thr Leu D-Pro (NMe)-Phe-F Leu-d7 (NMe)-D-Leu ,2.1745000000000076,188.69,608.5500000000046,N(C)[C@@H]([C@H](O)C)C(=O)N[C@@H](CC(C)C)C(=O)N3CCC[C@@H]3C(=O)N(C)[C@@H](Cc%97ccc(F)cc%97)C(=O)N[C@@H](CC([2H])(C([2H])([2H])[2H])C([2H])([2H])[2H])C(=O)N(C)[C@H](CC(C)C)C(=O)O
27,(NMe)-Thr D-Leu D-Pro (NMe)-Phe-F Leu-d7 (NMe)-D-Leu ,2.1745000000000076,188.69,608.5500000000046,N(C)[C@@H]([C@H](O)C)C(=O)N[C@H](CC(C)C)C(=O)N3CCC[C@@H]3C(=O)N(C)[C@@H](Cc%97ccc(F)cc%97)C(=O)N[C@@H](CC([2H])(C([2H])([2H])[2H])C([2H])([2H])[2H])C(=O)N(C)[C@H](CC(C)C)C(=O)O
28,(NMe)-Thr Leu Pro (NMe)-D-Phe Leu-d7 (NMe)-D-Leu ,2.0354000000000085,188.69,606.7900000000046,N(C)[C@@H]([C@H](O)C)C(=O)N[C@@H](CC(C)C)C(=O)N3CCC[C@H]3C(=O)N(C)[C@H](Cc2ccccc2)C(=O)N[C@@H](CC([2H])(C([2H])([2H])[2H])C([2H])([2H])[2H])C(=O)N(C)[C@H](CC(C)C)C(=O)O
29,(NMe)-Thr D-Leu Pro (NMe)-D-Phe Leu-d7 (NMe)-D-Leu ,2.0354000000000085,188.69,606.7900000000046,N(C)[C@@H]([C@H](O)C)C(=O)N[C@H](CC(C)C)C(=O)N3CCC[C@H]3C(=O)N(C)[C@H](Cc2ccccc2)C(=O)N[C@@H](CC([2H])(C([2H])([2H])[2H])C([2H])([2H])[2H])C(=O)N(C)[C@H](CC(C)C)C(=O)O
30,(NMe)-Thr Leu D-Pro (NMe)-D-Phe Leu-d7 (NMe)-D-Leu ,2.0354000000000085,188.69,606.7900000000046,N(C)[C@@H]([C@H](O)C)C(=O)N[C@@H](CC(C)C)C(=O)N3CCC[C@@H]3C(=O)N(C)[C@H](Cc2ccccc2)C(=O)N[C@@H](CC([2H])(C([2H])([2H])[2H])C([2H])([2H])[2H])C(=O)N(C)[C@H](CC(C)C)C(=O)O
31,(NMe)-Thr D-Leu D-Pro (NMe)-D-Phe Leu-d7 (NMe)-D-Leu ,2.0354000000000085,188.69,606.7900000000046,N(C)[C@@H]([C@H](O)C)C(=O)N[C@H](CC(C)C)C(=O)N3CCC[C@@H]3C(=O)N(C)[C@H](Cc2ccccc2)C(=O)N[C@@H](CC([2H])(C([2H])([2H])[2H])C([2H])([2H])[2H])C(=O)N(C)[C@H](CC(C)C)C(=O)O
32,(NMe)-Thr Leu Pro N-dFBn Leu-d7 (NMe)-D-Leu ,2.272700000000005,188.69,596.2200000000042,N(C)[C@@H]([C@H](O)C)C(=O)N[C@@H](CC(C)C)C(=O)N3CCC[C@H]3C(=O)N(Cc1c(F)cc(F)cc1)CC(=O)N[C@@H](CC([2H])(C([2H])([2H])[2H])C([2H])([2H])[2H])C(=O)N(C)[C@H](CC(C)C)C(=O)O
33,(NMe)-Thr D-Leu Pro N-dFBn Leu-d7 (NMe)-D-Leu ,2.272700000000005,188.69,596.2200000000042,N(C)[C@@H]([C@H](O)C)C(=O)N[C@H](CC(C)C)C(=O)N3CCC[C@H]3C(=O)N(Cc1c(F)cc(F)cc1)CC(=O)N[C@@H](CC([2H])(C([2H])([2H])[2H])C([2H])([2H])[2H])C(=O)N(C)[C@H](CC(C)C)C(=O)O
34,(NMe)-Thr Leu D-Pro N-dFBn Leu-d7 (NMe)-D-Leu ,2.272700000000005,188.69,596.2200000000042,N(C)[C@@H]([C@H](O)C)C(=O)N[C@@H](CC(C)C)C(=O)N3CCC[C@@H]3C(=O)N(Cc1c(F)cc(F)cc1)CC(=O)N[C@@H](CC([2H])(C([2H])([2H])[2H])C([2H])([2H])[2H])C(=O)N(C)[C@H](CC(C)C)C(=O)O
35,(NMe)-Thr D-Leu D-Pro N-dFBn Leu-d7 (NMe)-D-Leu ,2.272700000000005,188.69,596.2200000000042,N(C)[C@@H]([C@H](O)C)C(=O)N[C@H](CC(C)C)C(=O)N3CCC[C@@H]3C(=O)N(Cc1c(F)cc(F)cc1)CC(=O)N[C@@H](CC([2H])(C([2H])([2H])[2H])C([2H])([2H])[2H])C(=O)N(C)[C@H](CC(C)C)C(=O)O
36,(NMe)-Thr Leu Pro (NMe)-Phe-F D-Leu (NMe)-D-Leu ,2.1745000000000085,188.69,608.5500000000046,N(C)[C@@H]([C@H](O)C)C(=O)N[C@@H](CC(C)C)C(=O)N3CCC[C@H]3C(=O)N(C)[C@@H](Cc%97ccc(F)cc%97)C(=O)N[C@H](CC(C)C)C(=O)N(C)[C@H](CC(C)C)C(=O)O
37,(NMe)-Thr D-Leu Pro (NMe)-Phe-F D-Leu (NMe)-D-Leu ,2.1745000000000085,188.69,608.5500000000046,N(C)[C@@H]([C@H](O)C)C(=O)N[C@H](CC(C)C)C(=O)N3CCC[C@H]3C(=O)N(C)[C@@H](Cc%97ccc(F)cc%97)C(=O)N[C@H](CC(C)C)C(=O)N(C)[C@H](CC(C)C)C(=O)O
38,(NMe)-Thr Leu D-Pro (NMe)-Phe-F D-Leu (NMe)-D-Leu ,2.1745000000000085,188.69,608.5500000000046,N(C)[C@@H]([C@H](O)C)C(=O)N[C@@H](CC(C)C)C(=O)N3CCC[C@@H]3C(=O)N(C)[C@@H](Cc%97ccc(F)cc%97)C(=O)N[C@H](CC(C)C)C(=O)N(C)[C@H](CC(C)C)C(=O)O
39,(NMe)-Thr D-Leu D-Pro (NMe)-Phe-F D-Leu (NMe)-D-Leu ,2.1745000000000085,188.69,608.5500000000046,N(C)[C@@H]([C@H](O)C)C(=O)N[C@H](CC(C)C)C(=O)N3CCC[C@@H]3C(=O)N(C)[C@@H](Cc%97ccc(F)cc%97)C(=O)N[C@H](CC(C)C)C(=O)N(C)[C@H](CC(C)C)C(=O)O
40,(NMe)-Thr Leu Pro (NMe)-D-Phe D-Leu (NMe)-D-Leu ,2.0354000000000085,188.69,606.7900000000046,N(C)[C@@H]([C@H](O)C)C(=O)N[C@@H](CC(C)C)C(=O)N3CCC[C@H]3C(=O)N(C)[C@H](Cc2ccccc2)C(=O)N[C@H](CC(C)C)C(=O)N(C)[C@H](CC(C)C)C(=O)O
41,(NMe)-Thr D-Leu Pro (NMe)-D-Phe D-Leu (NMe)-D-Leu ,2.0354000000000085,188.69,606.7900000000046,N(C)[C@@H]([C@H](O)C)C(=O)N[C@H](CC(C)C)C(=O)N3CCC[C@H]3C(=O)N(C)[C@H](Cc2ccccc2)C(=O)N[C@H](CC(C)C)C(=O)N(C)[C@H](CC(C)C)C(=O)O
42,(NMe)-Thr Leu D-Pro (NMe)-D-Phe D-Leu (NMe)-D-Leu ,2.0354000000000085,188.69,606.7900000000046,N(C)[C@@H]([C@H](O)C)C(=O)N[C@@H](CC(C)C)C(=O)N3CCC[C@@H]3C(=O)N(C)[C@H](Cc2ccccc2)C(=O)N[C@H](CC(C)C)C(=O)N(C)[C@H](CC(C)C)C(=O)O
43,(NMe)-Thr D-Leu D-Pro (NMe)-D-Phe D-Leu (NMe)-D-Leu ,2.0354000000000085,188.69,606.7900000000046,N(C)[C@@H]([C@H](O)C)C(=O)N[C@H](CC(C)C)C(=O)N3CCC[C@@H]3C(=O)N(C)[C@H](Cc2ccccc2)C(=O)N[C@H](CC(C)C)C(=O)N(C)[C@H](CC(C)C)C(=O)O
44,(NMe)-Thr Leu Pro N-dFBn D-Leu (NMe)-D-Leu ,2.2727000000000066,188.69,596.2200000000042,N(C)[C@@H]([C@H](O)C)C(=O)N[C@@H](CC(C)C)C(=O)N3CCC[C@H]3C(=O)N(Cc1c(F)cc(F)cc1)CC(=O)N[C@H](CC(C)C)C(=O)N(C)[C@H](CC(C)C)C(=O)O
45,(NMe)-Thr D-Leu Pro N-dFBn D-Leu (NMe)-D-Leu ,2.2727000000000066,188.69,596.2200000000042,N(C)[C@@H]([C@H](O)C)C(=O)N[C@H](CC(C)C)C(=O)N3CCC[C@H]3C(=O)N(Cc1c(F)cc(F)cc1)CC(=O)N[C@H](CC(C)C)C(=O)N(C)[C@H](CC(C)C)C(=O)O
46,(NMe)-Thr Leu D-Pro N-dFBn D-Leu (NMe)-D-Leu ,2.2727000000000066,188.69,596.2200000000042,N(C)[C@@H]([C@H](O)C)C(=O)N[C@@H](CC(C)C)C(=O)N3CCC[C@@H]3C(=O)N(Cc1c(F)cc(F)cc1)CC(=O)N[C@H](CC(C)C)C(=O)N(C)[C@H](CC(C)C)C(=O)O
47,(NMe)-Thr D-Leu D-Pro N-dFBn D-Leu (NMe)-D-Leu ,2.2727000000000066,188.69,596.2200000000042,N(C)[C@@H]([C@H](O)C)C(=O)N[C@H](CC(C)C)C(=O)N3CCC[C@@H]3C(=O)N(Cc1c(F)cc(F)cc1)CC(=O)N[C@H](CC(C)C)C(=O)N(C)[C@H](CC(C)C)C(=O)O
48,(NMe)-Thr Leu Pro (NMe)-Phe-F Leu-d7 N-iPr ,1.538400000000008,188.69,580.3700000000041,N(C)[C@@H]([C@H](O)C)C(=O)N[C@@H](CC(C)C)C(=O)N3CCC[C@H]3C(=O)N(C)[C@@H](Cc%97ccc(F)cc%97)C(=O)N[C@@H](CC([2H])(C([2H])([2H])[2H])C([2H])([2H])[2H])C(=O)N(C(C)(C))CC(=O)O
49,(NMe)-Thr D-Leu Pro (NMe)-Phe-F Leu-d7 N-iPr ,1.538400000000008,188.69,580.3700000000041,N(C)[C@@H]([C@H](O)C)C(=O)N[C@H](CC(C)C)C(=O)N3CCC[C@H]3C(=O)N(C)[C@@H](Cc%97ccc(F)cc%97)C(=O)N[C@@H](CC([2H])(C([2H])([2H])[2H])C([2H])([2H])[2H])C(=O)N(C(C)(C))CC(=O)O
50,(NMe)-Thr Leu D-Pro (NMe)-Phe-F Leu-d7 N-iPr ,1.538400000000008,188.69,580.3700000000041,N(C)[C@@H]([C@H](O)C)C(=O)N[C@@H](CC(C)C)C(=O)N3CCC[C@@H]3C(=O)N(C)[C@@H](Cc%97ccc(F)cc%97)C(=O)N[C@@H](CC([2H])(C([2H])([2H])[2H])C([2H])([2H])[2H])C(=O)N(C(C)(C))CC(=O)O
51,(NMe)-Thr D-Leu D-Pro (NMe)-Phe-F Leu-d7 N-iPr ,1.538400000000008,188.69,580.3700000000041,N(C)[C@@H]([C@H](O)C)C(=O)N[C@H](CC(C)C)C(=O)N3CCC[C@@H]3C(=O)N(C)[C@@H](Cc%97ccc(F)cc%97)C(=O)N[C@@H](CC([2H])(C([2H])([2H])[2H])C([2H])([2H])[2H])C(=O)N(C(C)(C))CC(=O)O
52,(NMe)-Thr Leu Pro (NMe)-D-Phe Leu-d7 N-iPr ,1.399300000000009,188.69,578.6100000000041,N(C)[C@@H]([C@H](O)C)C(=O)N[C@@H](CC(C)C)C(=O)N3CCC[C@H]3C(=O)N(C)[C@H](Cc2ccccc2)C(=O)N[C@@H](CC([2H])(C([2H])([2H])[2H])C([2H])([2H])[2H])C(=O)N(C(C)(C))CC(=O)O
53,(NMe)-Thr D-Leu Pro (NMe)-D-Phe Leu-d7 N-iPr ,1.399300000000009,188.69,578.6100000000041,N(C)[C@@H]([C@H](O)C)C(=O)N[C@H](CC(C)C)C(=O)N3CCC[C@H]3C(=O)N(C)[C@H](Cc2ccccc2)C(=O)N[C@@H](CC([2H])(C([2H])([2H])[2H])C([2H])([2H])[2H])C(=O)N(C(C)(C))CC(=O)O
54,(NMe)-Thr Leu D-Pro (NMe)-D-Phe Leu-d7 N-iPr ,1.399300000000009,188.69,578.6100000000041,N(C)[C@@H]([C@H](O)C)C(=O)N[C@@H](CC(C)C)C(=O)N3CCC[C@@H]3C(=O)N(C)[C@H](Cc2ccccc2)C(=O)N[C@@H](CC([2H])(C([2H])([2H])[2H])C([2H])([2H])[2H])C(=O)N(C(C)(C))CC(=O)O
55,(NMe)-Thr D-Leu D-Pro (NMe)-D-Phe Leu-d7 N-iPr ,1.399300000000009,188.69,578.6100000000041,N(C)[C@@H]([C@H](O)C)C(=O)N[C@H](CC(C)C)C(=O)N3CCC[C@@H]3C(=O)N(C)[C@H](Cc2ccccc2)C(=O)N[C@@H](CC([2H])(C([2H])([2H])[2H])C([2H])([2H])[2H])C(=O)N(C(C)(C))CC(=O)O
56,(NMe)-Thr Leu Pro N-dFBn Leu-d7 N-iPr ,1.6366000000000054,188.69,568.0400000000037,N(C)[C@@H]([C@H](O)C)C(=O)N[C@@H](CC(C)C)C(=O)N3CCC[C@H]3C(=O)N(Cc1c(F)cc(F)cc1)CC(=O)N[C@@H](CC([2H])(C([2H])([2H])[2H])C([2H])([2H])[2H])C(=O)N(C(C)(C))CC(=O)O
57,(NMe)-Thr D-Leu Pro N-dFBn Leu-d7 N-iPr ,1.6366000000000054,188.69,568.0400000000037,N(C)[C@@H]([C@H](O)C)C(=O)N[C@H](CC(C)C)C(=O)N3CCC[C@H]3C(=O)N(Cc1c(F)cc(F)cc1)CC(=O)N[C@@H](CC([2H])(C([2H])([2H])[2H])C([2H])([2H])[2H])C(=O)N(C(C)(C))CC(=O)O
58,(NMe)-Thr Leu D-Pro N-dFBn Leu-d7 N-iPr ,1.6366000000000054,188.69,568.0400000000037,N(C)[C@@H]([C@H](O)C)C(=O)N[C@@H](CC(C)C)C(=O)N3CCC[C@@H]3C(=O)N(Cc1c(F)cc(F)cc1)CC(=O)N[C@@H](CC([2H])(C([2H])([2H])[2H])C([2H])([2H])[2H])C(=O)N(C(C)(C))CC(=O)O
59,(NMe)-Thr D-Leu D-Pro N-dFBn Leu-d7 N-iPr ,1.6366000000000054,188.69,568.0400000000037,N(C)[C@@H]([C@H](O)C)C(=O)N[C@H](CC(C)C)C(=O)N3CCC[C@@H]3C(=O)N(Cc1c(F)cc(F)cc1)CC(=O)N[C@@H](CC([2H])(C([2H])([2H])[2H])C([2H])([2H])[2H])C(=O)N(C(C)(C))CC(=O)O
60,(NMe)-Thr Leu Pro (NMe)-Phe-F D-Leu N-iPr ,1.5384000000000089,188.69,580.3700000000041,N(C)[C@@H]([C@H](O)C)C(=O)N[C@@H](CC(C)C)C(=O)N3CCC[C@H]3C(=O)N(C)[C@@H](Cc%97ccc(F)cc%97)C(=O)N[C@H](CC(C)C)C(=O)N(C(C)(C))CC(=O)O
61,(NMe)-Thr D-Leu Pro (NMe)-Phe-F D-Leu N-iPr ,1.5384000000000089,188.69,580.3700000000041,N(C)[C@@H]([C@H](O)C)C(=O)N[C@H](CC(C)C)C(=O)N3CCC[C@H]3C(=O)N(C)[C@@H](Cc%97ccc(F)cc%97)C(=O)N[C@H](CC(C)C)C(=O)N(C(C)(C))CC(=O)O
62,(NMe)-Thr Leu D-Pro (NMe)-Phe-F D-Leu N-iPr ,1.5384000000000089,188.69,580.3700000000041,N(C)[C@@H]([C@H](O)C)C(=O)N[C@@H](CC(C)C)C(=O)N3CCC[C@@H]3C(=O)N(C)[C@@H](Cc%97ccc(F)cc%97)C(=O)N[C@H](CC(C)C)C(=O)N(C(C)(C))CC(=O)O
63,(NMe)-Thr D-Leu D-Pro (NMe)-Phe-F D-Leu N-iPr ,1.5384000000000089,188.69,580.3700000000041,N(C)[C@@H]([C@H](O)C)C(=O)N[C@H](CC(C)C)C(=O)N3CCC[C@@H]3C(=O)N(C)[C@@H](Cc%97ccc(F)cc%97)C(=O)N[C@H](CC(C)C)C(=O)N(C(C)(C))CC(=O)O
64,(NMe)-Thr Leu Pro (NMe)-D-Phe D-Leu N-iPr ,1.399300000000009,188.69,578.6100000000041,N(C)[C@@H]([C@H](O)C)C(=O)N[C@@H](CC(C)C)C(=O)N3CCC[C@H]3C(=O)N(C)[C@H](Cc2ccccc2)C(=O)N[C@H](CC(C)C)C(=O)N(C(C)(C))CC(=O)O
65,(NMe)-Thr D-Leu Pro (NMe)-D-Phe D-Leu N-iPr ,1.399300000000009,188.69,578.6100000000041,N(C)[C@@H]([C@H](O)C)C(=O)N[C@H](CC(C)C)C(=O)N3CCC[C@H]3C(=O)N(C)[C@H](Cc2ccccc2)C(=O)N[C@H](CC(C)C)C(=O)N(C(C)(C))CC(=O)O
66,(NMe)-Thr Leu D-Pro (NMe)-D-Phe D-Leu N-iPr ,1.399300000000009,188.69,578.6100000000041,N(C)[C@@H]([C@H](O)C)C(=O)N[C@@H](CC(C)C)C(=O)N3CCC[C@@H]3C(=O)N(C)[C@H](Cc2ccccc2)C(=O)N[C@H](CC(C)C)C(=O)N(C(C)(C))CC(=O)O
67,(NMe)-Thr D-Leu D-Pro (NMe)-D-Phe D-Leu N-iPr ,1.399300000000009,188.69,578.6100000000041,N(C)[C@@H]([C@H](O)C)C(=O)N[C@H](CC(C)C)C(=O)N3CCC[C@@H]3C(=O)N(C)[C@H](Cc2ccccc2)C(=O)N[C@H](CC(C)C)C(=O)N(C(C)(C))CC(=O)O
68,(NMe)-Thr Leu Pro N-dFBn D-Leu N-iPr ,1.6366000000000072,188.69,568.0400000000037,N(C)[C@@H]([C@H](O)C)C(=O)N[C@@H](CC(C)C)C(=O)N3CCC[C@H]3C(=O)N(Cc1c(F)cc(F)cc1)CC(=O)N[C@H](CC(C)C)C(=O)N(C(C)(C))CC(=O)O
69,(NMe)-Thr D-Leu Pro N-dFBn D-Leu N-iPr ,1.6366000000000072,188.69,568.0400000000037,N(C)[C@@H]([C@H](O)C)C(=O)N[C@H](CC(C)C)C(=O)N3CCC[C@H]3C(=O)N(Cc1c(F)cc(F)cc1)CC(=O)N[C@H](CC(C)C)C(=O)N(C(C)(C))CC(=O)O
70,(NMe)-Thr Leu D-Pro N-dFBn D-Leu N-iPr ,1.6366000000000072,188.69,568.0400000000037,N(C)[C@@H]([C@H](O)C)C(=O)N[C@@H](CC(C)C)C(=O)N3CCC[C@@H]3C(=O)N(Cc1c(F)cc(F)cc1)CC(=O)N[C@H](CC(C)C)C(=O)N(C(C)(C))CC(=O)O
71,(NMe)-Thr D-Leu D-Pro N-dFBn D-Leu N-iPr ,1.6366000000000072,188.69,568.0400000000037,N(C)[C@@H]([C@H](O)C)C(=O)N[C@H](CC(C)C)C(=O)N3CCC[C@@H]3C(=O)N(Cc1c(F)cc(F)cc1)CC(=O)N[C@H](CC(C)C)C(=O)N(C(C)(C))CC(=O)O
